,smiles,frequency
0,O,4924
1,C,4025
2,C=O,4013
3,C1=CC=CC=C1,3918
4,N,3456
5,CC,2092
6,C=C,1344
7,Cl,1219
8,CCC,1115
9,[O-],744
10,O=S=O,567
11,F,547
12,S,493
13,CCCC,481
14,C=N,364
15,[N+]=O,343
16,CC(C)C,330
17,CCCCC,307
18,C1=CC=NC=C1,258
19,Br,212
20,C#N,198
21,[CH]C,189
22,O=P,152
23,C1=CC=C2C=CC=CC2=C1,149
24,O=S,141
25,[N+],141
26,CCCCCC,131
27,CCCCCCCC,109
28,C1=CC=C2NC=CC2=C1,107
29,C1=CN=CN=C1,90
30,C1=CNC=N1,89
31,CCCCCCC,89
32,[CH][CH][CH][CH][CH]C,88
33,I,81
34,[CH]CC,81
35,C[CH]C,79
36,CCC(C)C,79
37,[CH][CH],77
38,C1=CSC=C1,76
39,C1CCCCC1,76
40,C=S,72
41,C1=CSC=N1,70
42,C#C,68
43,[Si],64
44,C1=COC=C1,62
45,P=S,60
46,N=N,54
47,CCCCCCCCCCCC,52
48,CCCCC(C)CC,50
49,[CH][CH]C,50
50,C1=CNC=[N+]1,49
51,[CH]CCC,49
52,[CH]C(C)C,48
53,[CH][CH][CH][CH]C,48
54,C1=CC=C2NC=NC2=C1,46
55,[CH],46
56,CCCC(C)C,45
57,CCCCCCCCCC,44
58,C1=NC=NC=N1,42
59,N=O,40
60,C1=CC=[N+]C=C1,39
61,[N-],39
62,C1=NC=NN1,36
63,C1=CC=C2N=CC=CC2=C1,36
64,C1=CN=C2C=CC=CC2=C1,36
65,CCCCCCCCC,34
66,CC(C)(C)C,33
67,C1CC1,33
68,CCCCCCCCCCC,30
69,C[CH][CH][CH][CH]C,29
70,CCC(C)CC,28
71,C1=CC=C2SC=NC2=C1,27
72,C1=CNN=C1,27
73,C[CH]CC,26
74,C1=CON=C1,25
75,C1=NN=NN1,25
76,CCCCCCCCCCCCCCCC,24
77,O=C1C=CNC(=O)N1,23
78,C1CCCC1,23
79,O=C1C=CNC2=CC=CC=C12,23
80,[CH]CC(C)C,23
81,[CH]C[CH][CH][CH]C,23
82,CCCCCCCCCCCCCC,23
83,O=C1NC(=O)C2=C(N=CN2)N1,22
84,[S-],21
85,O=C1C=CC2=CC=CC=C2O1,21
86,O=C1C=COC2=CC=CC=C12,21
87,[CH]CCCC,20
88,C1=CNC=C1,20
89,CCCCCCCCCCCCCCC,20
90,C1=CN=CC=N1,20
91,[B-],20
92,C1=CC2=C(C=C1)NC=C2,20
93,C[CH]CCC,19
94,CC(C)CC(C)(C)C,18
95,[Sn],18
96,CC(C)CCCC(C)C,17
97,[CH]C[CH]C,17
98,CCC(C)(C)C,17
99,C1=NC=NC2=C1N=CN2,16
100,CCCCCCCCCCCCC,15
101,CCC1[CH]CC2(C)CC(C)CC2C1CC,15
102,[CH]CC(C)[CH][CH]C,15
103,CCCCCCCCCCCCCCCCCC,13
104,CCCCCCCCCCCCCCCCC,13
105,CCCCCC(C)C,13
106,[CH]1C[CH]CC[CH]C1,13
107,[CH]C[CH][CH]C,13
108,CCC1[CH]CCC2(C)[CH]CCC12,13
109,C=[N+],13
110,C[CH][CH]C,13
111,C1=NN=CN1,12
112,O=C1N=CC=CN1,12
113,C1=NC=C2N=CNC2=N1,12
114,CCC(C)C1CCC2(C)[CH]CCC2C1CC,12
115,CCC(C)C1[CH]CC2(C)CCCC2C1CC,12
116,C[CH][CH][CH]C,12
117,[CH]1[CH][CH]C[CH][CH]1,12
118,O=C1NC2=CC=CC=C2N1,11
119,C1=NN=CS1,11
120,CC1CCCCC1,11
121,CCC1CCCCC1,11
122,C1=CC=C2OC=CC2=C1,11
123,[P+],11
124,CCC(CC)CC,11
125,O=C1C=CC=CN1,11
126,[CH][CH][CH]C[CH]C,11
127,C1=CC=C2C=C3C=CC=CC3=CC2=C1,11
128,O=C1C=CNN1,10
129,P,10
130,CC1(C)CC1,10
131,[Hg],10
132,C1=CC2=CN=CN=C2C=C1,10
133,CC1(C)[CH][CH]1,10
134,CC1CC1,10
135,C[CH][CH]C[CH]C,9
136,O=C1NC(=O)NC(=O)N1,9
137,[CH]1[CH][CH][CH][CH][CH]1,9
138,O=C1C=CNC2=C1C=CC=C2,9
139,CCC1[CH]CC2(C)C[CH]CC2C1CC,9
140,C[CH],9
141,CC[CH][CH][CH]C,9
142,CC(C)C(C)C,9
143,C1=COC=N1,9
144,C[CH][CH]C(C)[CH]CC,8
145,C[CH]C(C)C,8
146,C1=CC=C2C(=C1)C=CC1=CC=CC=C12,8
147,C[CH][CH]CC,8
148,CCC1[CH]CC2(C)CCCC2C1CC,8
149,CCCCCCC(C)C,8
150,CC1CCCC1,8
151,[AlH3],8
152,C[CH]C[CH]C,7
153,CCCC(C)CC,7
154,[CH]C[CH][CH],7
155,C1=CC=C2NN=CC2=C1,7
156,[Zn+2],7
157,CC1CCC(C(C)C)CC1,7
158,[CH][CH]C(C)C,7
159,C[CH]C(C)C(C)CC,7
160,O=[As],7
161,C1=CC=C2C=NC=CC2=C1,7
162,CCCCCCCC(C)C,7
163,[CH]CC1C(CC)[CH]CC2(C)CC(C)CC12,7
164,CCC(C)CCCC(C)CCCC(C)CCCC(C)C,7
165,CC12[CH]CC(CC1)C2(C)C,7
166,[CH]CC1[CH][CH][CH]CC1C,7
167,O=C1NC=NN1,7
168,O=C1NC=NC2=CC=CC=C12,7
169,C[CH][CH]C(C)[CH]C(C)C[CH]C,6
170,O=C1C=CC=NN1,6
171,C[CH]C1CC[CH]C1(C)CCC,6
172,CC1[CH][CH]C[CH]1,6
173,CCC(C)C(C)C,6
174,CCC(C)CCCC(C)C,6
175,CCCC(C)CCC,6
176,CC(C)(C)C1CCCCC1,6
177,B,6
178,C1=CC=C2C=NN=CC2=C1,6
179,C1=CC=C2N=C3C=CC=CC3=CC2=C1,6
180,C1=CC2=NC=CN=C2C=C1,6
181,C1=NC=NO1,6
182,[CH]1CC[CH]CC1,6
183,[CH]C(C)CC,6
184,O=C1C=COC2=C1C=CC=C2,5
185,CC1C[CH]C(C)(CCC(C)C2(C)[CH]C3(C)CC[CH]C(C)(C)C3CC2)CC1,5
186,C1=CC2=NNN=C2C=C1,5
187,O=C1NC=NC2=C1N=CN2,5
188,[CH][CH]CC([CH]C)CC,5
189,O=C1NC2=CC=CC=C2O1,5
190,C1=NN=CO1,5
191,CC12[CH][CH]CC1C1CCC3C[CH][CH]CC3(C)C1CC2,5
192,[CH]C(C)[CH]C(C)[CH]C(C)[CH][CH]C,5
193,[CH]C(CC)C([CH]C)CC,5
194,O=C1C=CNC=N1,5
195,[Se],5
196,CCCC(C)(C)C,5
197,CCC1[CH]CCC2(C)CCCC12,5
198,O=C1C=CN=CN1,5
199,C1=CC=C2N=CN=CC2=C1,5
200,CCCC1CCCCC1,5
201,C[CH]C1[CH]C[CH]C(CC)[CH]1,5
202,O=C1C=CC2=CC=CC=C2N1,5
203,CCC(C)CCC(C)C,5
204,C1=CC=C2C(=C1)NC1=CC=CC=C12,5
205,C[CH]CCCCCC,5
206,CC1CCC(C)CC1,5
207,CC[CH]C(C)C,5
208,[CH][CH][CH][CH][CH],5
209,C1=CC=C2SC=CC2=C1,5
210,C1=CN=NC=C1,5
211,[CH][CH]C([CH][CH]C)CC,5
212,CC(C)CC(C)C,5
213,[CH]C(C)(C)C,5
214,C1=CC2=NC=CN2C=C1,5
215,CC(C)CCC(C)C,5
216,C1CCC1,5
217,[NH+],4
218,O=C1C=CNC(=S)N1,4
219,O=C1C=CNC2=C1C=CC=N2,4
220,C[CH][CH]C(C)CC,4
221,C1=CC=C2ON=CC2=C1,4
222,CC1CCCC1C,4
223,C[CH]CC(C)C,4
224,O=C1C=CC2=C(C=C3OC=CC3=C2)O1,4
225,[CH]CCCCC,4
226,CCC(CC)C(C)C,4
227,CC12[CH]CCC1C1CCC3C[CH]CCC3(C)C1C[CH]2,4
228,O=C1C=CC=CO1,4
229,[Na+],4
230,O=C1C=CC=CC=C1,4
231,C[CH]CCC(C)C1CCC(C)C(CC)C1C,4
232,CCCCC(C)C,4
233,[CH]CC(C)CCC,4
234,C1=CC2=CC=C3C=CC=C4C=CC(=C1)C2=C43,4
235,CC1(C)CCCC1,4
236,C[CH]C1CCCCC1CC,4
237,[CH][CH][CH]C(C)C,4
238,[CH]1CC[CH]CCC1,4
239,C1CCCCCC1,4
240,[CH][CH][CH][CH][CH][CH][CH]C,4
241,CCC1[CH]CC2(C)CCCC2C1C[CH]C,4
242,CC(C)C1CCCC1,4
243,CCC(C)C1CCC2(C)CCCC2C1CC,4
244,[CH]1[CH][CH]C[CH]C[CH]1,4
245,CC[CH]C1CCC2(C)[CH]CCC2C1CC,4
246,CC[CH]C1CCC2(CC)CCCC2C1CC,4
247,C[CH]C(CC)CC,4
248,[CH][CH][CH][CH],4
249,CC[CH]C[CH]C,4
250,CCC1[CH]C[CH]C(CC)[CH]1,4
251,CCC(C)CC(C)CC,4
252,CC1(C)CCCCC1,4
253,O=C1C=COC=C1,4
254,O=C1C=CSN1,4
255,[CH][CH][CH]C,4
256,[CH][CH]CC,4
257,[CH][CH][CH],4
258,CCC(C)(C)C1CCCCC1,3
259,CC[CH]C1(C)CCCC(C)C1C,3
260,CCC(C)C1[CH]C2CCCC2(C)CC1,3
261,C[CH]CC1C(C(C)CC)CCC2(C)CCCC12,3
262,CC1CCCC(C)(C)C1,3
263,C[CH]C(C)CCC,3
264,C1=CC=C2NN=NC2=C1,3
265,CCC(C)C1CCC2C3[CH]CC4C[CH]CCC4(C)C3C[CH]C12C,3
266,C[CH]CC[CH]CC,3
267,C[CH]CCC(C)C1CCC2(C)[CH]CCC2C1C,3
268,C[CH]CCC[CH]C,3
269,[CH][CH]CCCC,3
270,[CH][CH]C[CH][CH]C,3
271,C1=CC2=NC=NN2C=N1,3
272,CC[CH]C1CCC2(C)CCCC2C1CC,3
273,C1=CC=C2OC=NC2=C1,3
274,CCC(C)C(C)(C)C,3
275,[Ba+2],3
276,[Fe+3],3
277,C1CCC(C2CCCCC2)CC1,3
278,[Pt],3
279,[CH]C1CCCCC1,3
280,CC1(C)CCCC(C)(C)C1,3
281,[S+],3
282,C[CH][CH]C(C)[CH]C,3
283,[CH]1[CH]CC[CH]C1,3
284,O=C1N=CNC2=C1N=CN2,3
285,O=C1NC(=O)C2=CC=CC=C2N1,3
286,[CH]C(C)[CH]C,3
287,C1=CC2=C(C=C1)SC=N2,3
288,C1=NN=N[N-]1,3
289,[CH]C(C)CC(C)[CH][CH][CH]C,3
290,O=C1NN=CC2=CC=CC=C12,3
291,O=C1NSC2=CC=CC=C12,3
292,O=C1OC=CO1,3
293,[CH]1[CH]C[CH]CC[CH]1,3
294,C1C2CC3CC1CC(C2)C3,3
295,CCCC(CC)CC,3
296,CCCC1(C)[CH]CCC1C(C)CCCC(C)C,3
297,[CH]CC(C)CC,3
298,[CH]CC1[CH][CH]CCC1C,3
299,C1=CC=C2SN=CC2=C1,3
300,C[CH][CH]CC(C)C,3
301,C1CCCCCCCCCCC1,3
302,[CH]C[CH],3
303,[CH]CC[CH]C,3
304,[Au],3
305,C1=CNN=N1,3
306,CCCC1C[CH][CH]CC1,3
307,C1=CSC=[N+]1,3
308,[Cu+2],3
309,[CH]1[CH]C1,3
310,[CH]CC1C(CC)[CH]CC2(C)C[CH]CC12,3
311,O=C1C=CN=C2C=CC=CN12,3
312,C1=C[N+]=C2C=CC=CC2=C1,3
313,C1CC2C3CCC(C3)C2C1,3
314,[Mg+2],2
315,[Ti],2
316,[Gd+3],2
317,[K+],2
318,[SiH],2
319,[N-]=[N+]=N,2
320,[Mn+2],2
321,CCC1[CH]CCC(C)C1CC,2
322,CCC1[CH]CCC2(C)[CH][CH]CC12,2
323,[N+]=N,2
324,[O],2
325,[Ni],2
326,[Na],2
327,[NH3+],2
328,[NH2+],2
329,CCCCCCC(C)CC,2
330,[Sb],2
331,C[CH]C[CH][CH]C,2
332,[Co+],2
333,O=C1C=NN=CN1,2
334,[CH]CC1C(CC)[CH]CC2(C)[CH]C(C)CC12,2
335,[CH]CC1C(CC)[CH]CC2(C)CCCC12,2
336,[CH]CC([CH]C1C(C)[CH]C[CH]C1C)C(C)C,2
337,O=C1C=CNC2=NC=CC=C12,2
338,O=C1C=CNC2=NC=NC=C12,2
339,O=C1C=CNC=C1,2
340,[CH]C([CH])C,2
341,O=C1C=CON1,2
342,O=C1C=NNC(=O)N1,2
343,[Ca+2],2
344,O=C1N=CN=CN1,2
345,O=C1N=CNC(=O)N1,2
346,O=C1NC2=CC=CC=C2S1,2
347,O=C1NN=NC2=CC=CC=C12,2
348,[CH]C(C)C1CCC(C)C(CCCC)C1[CH],2
349,[CH]1[CH][CH]C[CH]1,2
350,S=C1NC2=CC=CC=C2N1,2
351,[CH]1[CH]CCCC1,2
352,[CH]CC1CCCCC1C,2
353,O=C1C=CC1=O,2
354,O=C1C2=CC=CC=C2SC2=C1C=CC=C2,2
355,[CH]CC1[CH]CCCC1,2
356,CC[CH]C,2
357,[CH][CH][CH][CH]CC,2
358,CC[CH]C1CC[CH]C1C,2
359,[CH][CH][CH]CC,2
360,C[CH]C(C)C1[CH][CH]CCC1C,2
361,C[CH]C(C)CC1C[CH][CH]CC1,2
362,C[CH]C1CC[CH][CH]C1CC,2
363,C[CH]CC(C)[CH]C(C)[CH]C,2
364,C[CH]CCC(C)C1CCC(C)C(C)C1C,2
365,C[CH]C[CH]CC,2
366,C[CH]C[CH][CH]C([CH]C)CC[CH]C[CH]C,2
367,[CH][CH]C1CCCCC1,2
368,[CH][CH]C([CH])C,2
369,C[CH][CH][CH]CCCCCC,2
370,[CH]CC[CH],2
371,[CH]CCCC(C)[CH]CCC([CH]C)CC,2
372,[CH]CCC(C)[CH]CC,2
373,S=C1NC=CN1,2
374,[Zn],2
375,CC1CCC(C)C1(C)C,2
376,CCC(C)C1CCC(C)C(C)C1CC,2
377,CCC(C)CC(C)(C)C,2
378,C=[N-],2
379,C1=CN2N=CC=C2N=C1,2
380,CCC(C)C1CCC(C)C(CC)C1CC,2
381,CC12[CH]CCC1C1CCC3C[CH]CCC3(C)C1CC2,2
382,CCC(C)[CH]C(CC)C1CCCC1(C)C,2
383,C1=CC=C2C(=C1)C=CC1=C2C=CC=C1,2
384,CC12CCC(C1)C(C)(C)C2,2
385,C1=CC2=NON=C2C=C1,2
386,C1=NNN=N1,2
387,C1=CN2N=CN=C2N=C1,2
388,CCC(C)C(C)CC,2
389,CC1(C)[CH]CCC1C1[CH]C2(C)CC[CH]CC2CC1,2
390,CCC(C)(C)CC,2
391,C1=CN=C2N=CN=CC2=N1,2
392,C1=CC2=[N+]C=C[N+]=C2C=C1,2
393,C=[N+]=[N-],2
394,C1=CC=C2[S+]=C3C=CC=CC3=NC2=C1,2
395,C1=CC=C2[O+]=C3C=CC=CC3=CC2=C1,2
396,C1=CC=C2[N-]C=NC2=C1,2
397,C1CCC2C3[CH][CH]C(C3)C12,2
398,C1CCC2CCCCC2C1,2
399,C1=CC=C2N=CC=NC2=C1,2
400,C1CCC2CC[CH]C12,2
401,CC1CC2CC1C1CCC(C)C21,2
402,C1=CC=C2C=C3C(=CC2=C1)C=CC1=CC=CC=C13,2
403,C1=CC=C2SC=[N+]C2=C1,2
404,C1CCC(CC2CCCCC2)CC1,2
405,C1=CC=C2[N+]=CC=CC2=C1,2
406,C1CC[CH]CC1,2
407,C1C[CH][CH][CH]C1,2
408,C1=CC=C2C(=C1)NC1=C2C=CC=C1,2
409,C1=NC=C2N=CC=NC2=N1,2
410,CCC(C)C1[CH]C2CCC(CC)C2(C)CC1,2
411,C1CC2CCCC2C1,2
412,C1=CN=C2N=CNC2=C1,2
413,C1=CC=C2C=[N+]C=CC2=C1,2
414,CC(C)CC(C)[CH][CH]CC,2
415,CC(C)CCCC(C)C1[CH]CC2C3CCC4C[CH]CCC4(C)C3CCC12C,2
416,C1=CC2=CC=C(C=CN=CC=C3C=CC(=CC=N1)N3)N2,2
417,CC1C[CH]C(C(C)C)CC1,2
418,CC1CCC2C3CCC(C)C(C)(C)C3CCC12C,2
419,CCC12[CH]C(C)([CH]CC(C)[CH]C1C)C(C)CC2,2
420,CC1CC[CH]CC1,2
421,CCC1C(C)CCCC1C,2
422,CCC1CCCC1,2
423,CC(C)[CH]CCC(C)C,2
424,CC([CH])CCCC,2
425,CC([CH])C[CH]C,2
426,C1=NC=NC2=C1NC=N2,2
427,CC1C[CH]C1(C)C,2
428,C1=CON=[N+]1,2
429,CC1CCCCC1C,2
430,C1=CN[N+]=C1,2
431,CC1[CH]CCC2C1CCC1(C)[CH]CCC21,2
432,CC(C)C[CH][CH][CH]CC(C)C,2
433,CC1CCCC(C)C1,2
434,CC(C)CC[CH]C[CH],2
435,C1=NC=NS1,2
436,CC([CH])[CH][CH],2
437,C1=NC=C2N=CN=CC2=N1,2
438,C1CC1CC1CC1,1
439,[CH]1[CH][CH]CC[CH]1,1
440,[CH]C1CCC2C3CC[CH]C3(C)CCC2C1(C)C,1
441,[CH]CC(C)C1CCCCC1,1
442,C1=NC=NC2=C1C=NN2,1
443,C1=NC=C2NC=NC2=N1,1
444,C1=NC=NN=C1,1
445,C1CCC(CC2CCCC2)C1,1
446,C1C2C3C4CC5C3C1C5C24,1
447,[CH]C(CC)CCC,1
448,C1=NSN=C1,1
449,[CH]C1CC1,1
450,[CH]C(C)CC(C)[CH]C[CH]C,1
451,[CH]C(CC)C1C[CH][CH]C2[CH]C1[CH]C2,1
452,C1=NC=N[N-]1,1
453,[CH]C(CC)C(C)C,1
454,[CH]1[CH][CH]CCC[CH]1,1
455,C1=NC=[N+]N1,1
456,C1=NN=CN=N1,1
457,[CH]C([CH]C)CC,1
458,C1=NNC=N1,1
459,[CH]C([CH]C)CCCC,1
460,[CH]C12CC3CC(CC(C3)C1)C2,1
461,C1=N[N-]C=N1,1
462,[CH]C1C(C([CH])C)CCC(C)C1CCCC,1
463,C1=NON=C1,1
464,[CH]C(C)C1CC2CCCCC2(C)[CH]1,1
465,[CH]C(C)C(CC)CC,1
466,[CH]C1C(C)C(C(C)([CH]C)C(C)C(C)C)CCC1([CH])C,1
467,[CH]C1C(C)CCC2C(C)(C)CCCC12C,1
468,[CH]C1C([CH]C)CCC(C)C1CCCC,1
469,[CH]C(CC)CC,1
470,[CH]C(C)(CC)CCC,1
471,CCC1CCCC2(C)[CH][CH]CC12,1
472,[C-]=C,1
473,[CH]1[CH]C[CH]C[CH]1,1
474,O=[Mo](=O)=O,1
475,O=[Cr],1
476,O=[Cd],1
477,O=[Bi],1
478,CC(C)C1[CH]CCC2(C)CCCC12,1
479,CC(C)C1[CH][CH]C2(C)C[CH]CC2[CH]1,1
480,CC(C)CC(C)C(C)C,1
481,CC(C)CC(C)CC(C)CC(C)C,1
482,O=C1[N-]C2=C(N1)C(=O)NC(=O)N2,1
483,O=C1[N-]C(=O)NC(=O)N1,1
484,O=C1OC=NC2=CC=CC=C12,1
485,O=C1OC2=CC=CC=C2S1,1
486,O=C1OC2=CC=CC=C2C2=C1C1=CC=CC=C1O2,1
487,O=C1OC2=CC=CC3=C2C2=C(C=CC=C12)OC3=O,1
488,O=C1OC(=O)C2=CC3=C(C=C12)C(=O)OC3=O,1
489,O=C1N[Se]C2=CC=CC=C12,1
490,CC(C)CCC1CCC1,1
491,O=C1NNC2=CC=CC=C12,1
492,O=C1NNC(=O)C2=CC=CC=C12,1
493,O=C1NN=NN1,1
494,O=C1NN=NC2=CN=CN12,1
495,CC(C)CCCC(C)C1CCC2C3CCC4C[CH]CCC4(C)C3CCC12C,1
496,O=C1NN=CS1,1
497,O=C1NN=CO1,1
498,O=C1NN=C2C=CC=CN12,1
499,O=C1NN=C2C3=C(C=CN12)N=CC=C3,1
500,O=C1NC=NO1,1
501,CC(C)CCCC(C)C1[CH][CH]C2C3CCC4C[CH][CH]CC4(C)C3CCC12C,1
502,O=C1NC=NC2=CNN=C12,1
503,CC(C)CCCC(C)CC(C)C,1
504,O=[Cr]=O,1
505,O=[Zr],1
506,C1CCC2C(C1)CCC1CCCCC12,1
507,CC(C)C1C[CH]CC1,1
508,[CH]1[CH]C2CCC1C2,1
509,[CH]1C[CH]C[CH]C[CH]C1,1
510,C1CCC2[CH]C[CH]C12,1
511,[CH]1C[CH]CCC[CH]C1,1
512,C1CCCCCCC1,1
513,[CH]1CC1,1
514,[C-]#N.[Cu+],1
515,[C-],1
516,[Br-].[Na+],1
517,[Bi],1
518,[Be+2],1
519,[Ba],1
520,CC(C)(C1CCCCC1)C1CCCCC1,1
521,[Au-],1
522,[As]#[In],1
523,[As],1
524,CC(C)C(C)(C)C,1
525,[Ag+],1
526,S=C1NC=NC2=C1NC=N2,1
527,S=C1NC=NC2=C1N=CN2,1
528,S=C1NC=CS1,1
529,CC(C)C(C)C(C)C,1
530,CC(C)C1CCC(C)C1C,1
531,S=C1N=CNN1,1
532,S=C1N=CC=CN1,1
533,S=C1C=CSS1,1
534,CC(C)C1CCCCC1,1
535,CC(C)C1CC[CH]CC1,1
536,P#[In],1
537,[CH]CC(C)C[CH]C,1
538,[CH]CC1CCCC1,1
539,[CH]CC(CC)C(C)(C)C,1
540,[N-]=[N+]=[N-],1
541,C1=CC2=CNN=C2C=C1,1
542,C1=CC2=NC=C3N=CNC3=C2C=C1,1
543,C1=CC2=NN=CN2C=C1,1
544,[Mn+],1
545,C1=CC2=NSN=C2C=C1,1
546,C1=CC2=[N+]C=CN2N=C1,1
547,[Li+],1
548,[In],1
549,[I-].[K+],1
550,C1=CC=C2C(=C1)C1=CC=CC3=CC=C4C=CC=C2C4=C31,1
551,[Hg+2],1
552,[H]C([H])([H])[CH]C,1
553,[H+],1
554,[Ge],1
555,C1=CC=C2C(=C1)C=C1C=CC3=CC=CC4=CC=C2C1=C34,1
556,[Fe-],1
557,[Fe-2],1
558,C1=CC=C2C(=C1)C=CC1=C2C=C2C=CC=CC2=C1,1
559,[Fe+2],1
560,[Dy],1
561,[Cu],1
562,[Cr],1
563,[Cr+3],1
564,C1=CC=C2C(=C1)C=CC1=C2N=C2C=CC=CN21,1
565,[Co+2],1
566,[Cl+3],1
567,[Cd],1
568,[Cd+2],1
569,[Ca],1
570,C1=CC2=CN=NC=C2C=C1,1
571,C1=CC2=CC=[N+]C=C2C=C1,1
572,[CH]CC(C[CH])C(C)CC,1
573,C1=CC2=CC=NN2C=C1,1
574,C1=CC2=C(C=C1)C=CC=C2,1
575,[Yb],1
576,[TlH2+],1
577,C1=CC2=C(C=C1)N1C=NN=C1S2,1
578,[Ti+2],1
579,[Sr+2],1
580,C1=CC2=C(C=C1)NN=C2,1
581,[SnH2+2],1
582,C1=CC2=C(C=C1)NN=N2,1
583,C1=CC2=C(C=C1)OC=C2,1
584,C1=CC2=C(C=C1)SN=N2,1
585,C1=CC2=C(C=CS2)C=N1,1
586,[SbH6+3],1
587,C1=CC2=C(C=N1)NC=C2,1
588,C1=CC2=C(N=C1)NN=C2,1
589,C1=CC2=C(N=CN=C2)N1,1
590,[Pd],1
591,[PbH2+2],1
592,C1=CC2=C3N=CNC3=CC=C2N=C1,1
593,C1=CC2=CC=C(C=CN=CC=C3C=CC(=CC=N1)[N-]3)[N-]2,1
594,[O+],1
595,C1=CC2=CC=C3C4=C(C=CC=C4)C=C4C=CC(=C1)C2=C43,1
596,[Ni+2],1
597,[Nd],1
598,C1=CC2=CC=C3C=CC4=CC=C5C=CC=C6C(=C1)C2=C3C4=C56,1
599,[Na+].[Na+],1
600,C1=CC2=CC=NC=C2C=C1,1
601,[NH4+],1
602,C1=CC2=CC=NC=C2O1,1
603,[Ca+2].[Cl-].[Cl-],1
604,C1=CC=C2C(=C1)C=CC1=C3C=CC=CC3=CC=C21,1
605,C1=CC=C2C(=C1)C=CC1=CC3=C(C=CC4=CC=CC=C43)C=C12,1
606,[CH][CH][CH][CH][CH][CH]C,1
607,C1=CN2N=CC=NC2=N1,1
608,[CH]CC[CH][CH]CCC[CH][CH]CC[CH]C[CH]C[CH]C,1
609,[CH]CC[CH][CH]C,1
610,[CH]CC[CH]CCCC,1
611,[CH]CC[CH]C1CCC2(C)CCCC2C1CC,1
612,C1=CN=C2C(=C1)C=CC1=CC=CN=C12,1
613,[CH]CCC[CH],1
614,[CH]CCCC1CCC2(C)[CH]CCC2C1CC,1
615,C1=CN=C2NC=NC2=C1,1
616,C1=CN=C2NN=CC2=C1,1
617,[CH]CCC(C)[CH][CH]C,1
618,[CH]CCC(C)C1CCC2(C)[CH]CCC2C1CC,1
619,C1=CSN=C1,1
620,C1=CSN=N1,1
621,C1=C[CH-]C=C1.C1=C[CH-]C=C1.[Co+2],1
622,[CH]CC1[CH]CCC1,1
623,[CH]CC1[CH]C1,1
624,C1=C[CH-]C=C1.C1=C[CH-]C=C1.[Cr+2],1
625,O=C1NC=NC2=C1NC=N2,1
626,C1=C[CH-]C=C1.C1=C[CH-]C=C1.[Fe+2],1
627,C1=C[CH-]C=C1.C1=C[CH-]C=C1.[Ni+2],1
628,C1=C[N+]=CC=N1,1
629,C1=C[N+]=CN=C1,1
630,[CH]CC1C(C(C)CC)[CH]CC2(C)C[CH]CC12,1
631,[CH]CC1(C)[CH]C[CH]C2C3(C)CC[CH]C(C)C3CCC21C,1
632,[CH]CC1(C)CCCC1[CH]CC,1
633,C1=NC=C2C=NNC2=N1,1
634,[CH]CC([CH])CC,1
635,[CH]CC([CH])(C)C,1
636,[CH]C[CH]C([CH])CC,1
637,[CH]C[CH]CC,1
638,[CH]C[CH]CCC,1
639,[CH][CH]C[CH]C,1
640,[CH][CH][CH][CH][CH]C[CH][CH],1
641,C1=CC=C2C(=C1)C=CC1=NC=CC=C12,1
642,C1=CC=C2C(=C1)C=[N+]C1=C3C=CC=CC3=CC=C21,1
643,C1=CC=C2C(=C1)C=[N+]C1=CC=CC=C12,1
644,[CH][CH][CH][CH]C(C)C,1
645,C1=CC=C2C(=C1)NC1=C3NC4=CC=CC=C4C3=CC=C21,1
646,C1=CC=C2C(=C1)NC1=CN=CC=C12,1
647,[CH][CH][CH]C[CH],1
648,C1=CC=C2C(=C1)OC1=C2C=CC=C1,1
649,C1=CC=C2C(=C1)OC1=CC=CC=C12,1
650,C1=CC=C2C(=C1)SC1=CC=CC=C12,1
651,C1=CC=C2C=C3C4=CC=CC=C4C4=CC=CC=C4C3=CC2=C1,1
652,[CH][CH]C[CH]CCC[CH][CH][CH]C[CH],1
653,[CH][CH]C[CH],1
654,C1=CC=[NH+]C=C1,1
655,[CH][CH]CC[CH][CH]C,1
656,[CH][CH]CC[CH]CC,1
657,[CH][CH]CC[CH]C,1
658,[CH][CH]CC[CH],1
659,[CH][CH]CCC,1
660,[CH][CH]CC(C)C,1
661,C1=CC=C2[N+]=C3C=CC=CC3=CC2=C1,1
662,C1=CC=C2[N+]=CC=[N+]C2=C1,1
663,[CH][CH]C(C)[CH][CH]C,1
664,[CH][CH]C(C)[CH]C,1
665,[CH]C[CH][CH][CH]CCC[CH]C[CH][CH]CC[CH]C[CH]C,1
666,C1=CC=NN=C1,1
667,[CH]C[CH][CH]C([CH]C)CC[CH]C[CH]C,1
668,O=C1NC=NC2=C1NN=C2,1
669,O=C1NC(=O)C2=CNN=C2N1,1
670,O=C1NC=NC2=C1N=NN2,1
671,CCC[CH]C1CCC2(C)C(CC)CCC2C1CC,1
672,CC[CH]C1CCC(C)C1C,1
673,CCC(C)C1CCC2(C)[CH]CCC2C1C,1
674,CC[CH]C(CC)C1CCCC1(C)C,1
675,CC[CH]C(CC)C1CC(C)CC1(C)C,1
676,CCC(C)C1CCC2C3CCC4C[CH]CCC4(C)C3CCC12C,1
677,CC[CH]C(C)(C)C(C)[CH]C(C)C(C)CC,1
678,CCC(C)C1CCC2C3CCC4C[CH]CCC4(C)C3C[CH]C12C,1
679,CC[CH],1
680,CCP=S,1
681,CCP(=[Au])(CC)CC,1
682,CCC(C)C1CCC2C3[CH]CC4C[CH]CCC4(C)C3CCC12C,1
683,CCC[CH][CH]C(CC)C1CCCC1(C)CC,1
684,CCC[CH]C[CH]C,1
685,CCC[CH]C1CCC2(C)CCCC2C1CC,1
686,CCC[CH]C1CCC2(C)C(C)CCC2C1CC,1
687,CCC(C)CC(C)C,1
688,CCCC[CH]C[CH]C[CH]C[CH]C[CH]C[CH]CCCCC,1
689,CCCC[CH]C(C)CC(C)[CH]CCCC,1
690,CCCCP(CCCC)CCCC,1
691,CCCCCC[CH][CH]C[CH]CCCCCCCCCCC,1
692,CCCCCCCCCCCCCCCCCCCCC,1
693,CCCCCCCCCCCCCCCCCCC,1
694,CCC(C)C1CC[CH]C1(C)CC[CH]C1(C)CC[CH]C(C)C1C,1
695,CCC(C)C1[CH]C2CC[CH]C2(C)CC1,1
696,CCCCCCCCCCCCCCC(C)C,1
697,CCC(C)C1[CH]CC2(C)C(C)CCC2C1CC,1
698,CCCCCCCCCCCCCC(C)C,1
699,CCC(C)C1[CH]CC2(C)C[CH]CC2C1CC,1
700,CCCCCCCCCCCCC1CCCC1,1
701,CCC(C)C1[CH]CC2(C)[CH]CCC2C1CC,1
702,CC[CH]C1CCC2(C)C(C)CCC2C1C(C)C,1
703,CCC(C)C1CCC2(C)C3CCC4C(C)(C)[CH]CCC45CC35CCC12C,1
704,CC[CH]C1CCC2(C)[CH]C(CC)CC2C1CC,1
705,CCC(C)C1CCC2(C)C(CC)C3CC3C2C1C1[CH]C1,1
706,CC1[CH]CC(C(C)C)CC1,1
707,C[CH]C1CC1(C)C(C)C,1
708,C[CH]C1C(C(C)CC)[CH]CC2(C)C(CC)CCC12,1
709,C[CH]C1C(C(C)CC)CCC2(C)C(CC)CCC12,1
710,C[CH]C12CCC([CH]C1CC)C(C(C)C(C)(C)C)C2,1
711,C[CH]C1(CCC)CCC1,1
712,C[CH]C1(C)CC[CH]C(C)(C)C1CC,1
713,C[CH]C1(C)CC1,1
714,C[CH]C([CH]CCCCCC)CCCCCCCC,1
715,C[CH]C(CC)CC[CH]C(CC)CC(C)[CH][CH]CC,1
716,CC1[CH]C[CH]C1,1
717,CC1[CH][CH][CH][CH]C1,1
718,CCC(C)(C)C12[CH]C(C)(C)C(CC1)C2,1
719,CCC(C)(C)C1CCC(C(C)C)C1,1
720,CCC(C)(C)CC(C)C,1
721,CCC(C)C(CC)CC,1
722,CC[Hg],1
723,CC[CH][CH][CH]C(C)CC,1
724,CC[CH][CH]CC,1
725,CC[CH][CH]C(CC)C1CCCC1(C)CC,1
726,CC[CH][CH]C,1
727,CC[CH]CCCC,1
728,CC[CH]CCC,1
729,CC[CH]CC(C)C(C)CC,1
730,CC[CH]CC(C)C(C)C,1
731,CCC(C)C1CCC([CH]C(C)C(C)(CC)C(C)C)C1C,1
732,CC[CH]C1CCCC1CC,1
733,CC[CH]C1CCCC1(C)C,1
734,CCC(C)C1CCC2(C)C(C)CCC2C1CC,1
735,CCCCCCCCCCC(C)CCCCCCCC,1
736,CCCCCCCCCC(C)C1[CH]CCC2(C)[CH]CCC12,1
737,CC(C)CCCC(C)CCCC(C)CCCCC(C)CCCC(C)CCCC(C)C,1
738,CCC1[CH][CH]CC(C)C1,1
739,CCCC1(C)[CH]CCC1C(C)CC[CH]C(C)C,1
740,CCC1(C)C(C)CCC2C3CC[CH]C3(C)CCC21,1
741,CCCC1(C)CCC(CC)C1C,1
742,CCC1(CC)CCCC1,1
743,CCCC(CC)C1CC(C)CC1(C)C,1
744,CCCC(C)[CH]C(C)[CH][CH]C,1
745,CCCC(C)CCCC(C)CCCC(C)C,1
746,CCC12CC3CC(CC(C3)C1)C2,1
747,CCCC(C)CC(C)C,1
748,CCC12CCC(C)C(C)(CCC(C)CC1C)C2,1
749,CCCC(C)(C)C(C)CC(C)C(C)CC,1
750,CCC1C(C(C)C)CCC2(C)CCCC12,1
751,CCC1C(C)CCC2C(C)(C)CCCC12C,1
752,CCC1[CH][CH]C[CH]1,1
753,CCC1[CH]C[CH]C1C,1
754,CCC(C)CC(C)[CH][CH]CC(C)[CH]C(CC)CC[CH]C(C)CCCC[CH]C(C)[CH]C(C)[CH][CH]C,1
755,CCC1C(C)CCCC1(C)C,1
756,CCC1CCC(C)C(CC)C1C,1
757,CCC1CCC(C)C(CC)C1CC,1
758,CCC1CCC(CC)C1,1
759,CCC1[CH]CC2(C)[CH]C(C)CC2C1CC,1
760,CCC1CCC1(C)C,1
761,CCC1CCC2(C)C(C)CCC2C1CC,1
762,CCC1CCC2C3CCC4C[CH]CCC4(C)C3CCC12C,1
763,CCC1[CH]CC2(C)CC(C)CC2C1[CH]C,1
764,CCC1CCC2CC1C2(C)C,1
765,CCC1[CH]CC2(C)C(C)C(C)CC2C1CC,1
766,CCC1[CH]CC1(C)C,1
767,CCC1C[CH]CCC1(C)[CH]CCC(C)C(C)C(C)CCCC(C)C,1
768,CCC1C[CH]C1(C)C,1
769,CCCC1CCC(C)CC1,1
770,CCCC1CCCC1,1
771,CCC1(C)C(C)CCC2C3CCC(C)C3(C)CCC21,1
772,CCC1(C)C(C)CCC2C(C)C(C)CCC21,1
773,CCCCCCCCC(C)CCCCCC,1
774,CCC(C)[CH]C,1
775,CCCCCCCC(CC)CCC,1
776,CCC(C)[CH][CH][CH]C(C)[CH]C(C)[CH]CCCCC(C)[CH]CCC(C)[CH][CH]C[CH][CH]C(C)CC(C)CC,1
777,CCCCCCC(C1CCCCC1)C1CCCCC1,1
778,CCCCCCC(C)CCCC,1
779,CCC(CC)(CC)C1CCCCC1,1
780,CCC(CC)C(C)(C)C,1
781,CCCCCCC(C)(C)C,1
782,CCC(CC)C(C)(C)CC,1
783,CCCCCC1CCCCC1,1
784,CCCCCC(C)CCCC(C)CCCC(C)C,1
785,CCCCCC(C)CCC,1
786,CCCCCC(C)CC,1
787,CCC(CC)C(CC)CC,1
788,CCCCCC(C)(C)CC,1
789,CCCCCC(C)(C)C,1
790,CCC(CC)C1CCCCC1,1
791,CCCCC1CCCCC1,1
792,CCCCC1C(C)CCC2C(C)(C)CCCC12C,1
793,CCCCC(CC)CCCCC(C)C,1
794,CCCCC(CC)CC,1
795,CCCCC(C)CCC,1
796,CCC(CCC(C)C1(C)[CH]C2CC(C)(C)CCC2CC1)C(C)C,1
797,CCCCC(C)C1CCC2(C)C(C(C)[CH]CCC(C)C)[CH]CC2C1C,1
798,CCCCC(C)C(CC)CC,1
799,CCC([CH])(CC)CCC,1
800,CCCCC(C)(C)CC,1
801,CCC([CH]C(C)C)CC,1
802,CC1[CH]C1C,1
803,CC1C[CH][CH]CC1,1
804,CC1C[CH]CC1C,1
805,CC12[CH]CCC1C1CCC3C[CH]C[CH]C3(C)C1[CH]C2,1
806,O=C1C=COC2=CC3=C(C=C12)C(=O)C=CN3,1
807,CC1(C)CCCCCCC1,1
808,O=C1C=COC2=C1C=C1C=COC1=C2,1
809,CC1(C)C[CH]C(CC)C(CC)C1C,1
810,CC1(C)[CH]C1,1
811,CC1(C)[CH]C[CH]1,1
812,CC1(C)[CH]C[CH]C23CC([CH]C12)C1[CH][CH]C2[CH]C1C3C2,1
813,O=C1C=CNC2=CC=CN=C12,1
814,CC1(CC)[CH]C(CC)C([CH]CC)CC1,1
815,CC12CC3CC(C1)CC(C)(C3)C2,1
816,CC12CCCC1C1CCC3C[CH]CCC3(C)C1CC2,1
817,CC12[CH]C(C)(C)C(CC1)C2,1
818,CC12[CH]CCC1C1CCC3CCCCC3(C)C1CC2,1
819,O=C1C=CN=C2SC=CN12,1
820,CC12[CH]CCC1C1CCC3C[CH][CH]CC3(C)C1CC2,1
821,CC1C[CH]CC(C)(C)C1,1
822,CC12[CH]C[CH]C1C1CCC3C[CH]CCC3(C)C1CC2,1
823,CC12[CH][CH]CC1C1CCC3CCCCC3(C)C1CC2,1
824,O=C1C=CC2=CN=CN=C2N1,1
825,O=C1C=CC2=CC=CC=C2S1,1
826,CC1C(C(C)CCCC(C)C)[CH]CC1C1CCC2C[CH]CCC2(C)C1C,1
827,CC1C(C)C1(C)C,1
828,O=C1C=CC2=C(C=CC=C2)N1,1
829,CC1C(C)C1C,1
830,CC1C(C)CCC2C1CCC1(C)[CH]CCC21,1
831,O=C1C=CC(=O)NN1,1
832,O=C1C=C1,1
833,O=C1C2=CC=CC=C2SC2=CC=CC=C12,1
834,CC1C2CC(CC2C2CCCCC2)C1(C)C,1
835,O=C1C2=CC=CC=C2OC2=NC=CC=C12,1
836,O=C1C=COC2=CC=C3C=CC=CC3=C12,1
837,CC1(C)CCC(C(C)CC)[CH]C1C,1
838,CC1(C)CC1(C)C,1
839,CC1(C)CC(C)(C)C1,1
840,O=C1NC=NC2=C1C=CN2,1
841,O=C1NC=CN1,1
842,O=C1NC2=NC=CC=C2O1,1
843,O=C1NC2=CC=CC=C2NC1=O,1
844,CC(C)C[PH](=S)CC(C)C,1
845,O=C1NC2=CC=CC=C2C(=O)O1,1
846,O=C1NC2=C(N1)C(=O)NC=N2,1
847,O=C1NC2=C(C=CC=C2)NC1=O,1
848,O=C1NC(=S)NC2=CC=CC=C12,1
849,O=C1NC(=O)C2=CC=CC=C2O1,1
850,CC(C)[CH]C[CH][CH]CC(C)C(C)C,1
851,CC(C1[CH]C1)C1[CH]C2CCCC2(C)CC1,1
852,O=C1NC(=O)C2=C(N1)NC(=O)N2,1
853,O=C1NC(=O)C2=C(N1)C1=NC=CN=C1S2,1
854,O=C1NC(=O)C2=C(C=CC=C2)N1,1
855,O=C1N=NNC2=CC=CC=C12,1
856,O=C1N=CNN2C=NC=C12,1
857,O=C1N=CNC2=NC=CN=C12,1
858,O=C1N=CNC2=C1C=CN2,1
859,CC([CH])C[CH]CC,1
860,O=C1N=CC=NN1,1
861,CC([CH])C[CH][CH],1
862,O=C1C=NNC=N1,1
863,O=C1C=NNC2=CC=CC=C12,1
864,O=C1C=NNC(=S)N1,1
865,CC([CH])[CH][CH]CC,1
866,O=C1C=NC2=CC=CC=C2N1,1
867,O=C1C=CSS1,1
868,CC([CH])[CH][CH][CH]C,1
869,O=C1C2=CC=CC=C2OC2=CC=CC=C12,1
870,O=C1C2=CC=CC=C2NC2=CC=CC=C12,1
871,O=C1C2=CC=CC=C2C(=O)C2=C1C=CC1=C2NC2=C(N1)C1=C(C=C2)C(=O)C2=CC=CC=C2C1=O,1
872,CC1CCC23CC1C(C)(C)C2CCC3C,1
873,C[CH][CH]C(C)[CH]C(C)CC(C)[CH][CH]CC,1
874,C[CH][CH]C(C)[CH]C(C)CC(C)C,1
875,CC1CCC2C(C)(C)CCC12C,1
876,C[CH][CH]C(C)C[CH]C,1
877,CC1CCC2C(C)(C)CCCC2(C)C1C,1
878,CC1CCC2C(C)(C)[CH]CC12C,1
879,CC1CCC2CC1C2(C)C,1
880,C[CH]C[CH]CCCCC(C)[CH]CC,1
881,C[CH]C[CH]CCCCC(C)[CH]C1CCCCC1,1
882,C[CH]C[CH]CCCCC(C)[CH]C(C)CC,1
883,C[CH]C[CH]CCC([CH]C)[CH][CH]CC,1
884,CC1CCC2CCCC12,1
885,CC1CCCC(C)(C)C2[CH]CCC12,1
886,C[CH]CC[CH]C,1
887,C[CH]CCC[CH]CCCCC,1
888,CC1CCCC(CC2CCCC(C)C2)C1,1
889,CC1CCCC1(C)C,1
890,C[CH]CCC(C)C1CCC2(C)[CH][CH]CC2C1C,1
891,CC1CCCC2(C)C1CCC1(C)C[CH][CH]CC12,1
892,C[CH]CCC(C)C1CCC2(C)C([CH]C)CCC2C1C,1
893,CC1CCCCCC1,1
894,C[CH]CCC(C)C(C)C(C)[CH]CCCC(C)[CH][CH]CC(C)C,1
895,C[CH]CCC(C)C,1
896,C[CH]CCC(C)(C)[CH]C[CH]C[CH]C,1
897,C[CH]CC1CCCC1,1
898,C[CH]CC1C(C(C)CC)[CH]CC2(C)[CH]CCC12,1
899,C[CH]CC([CH]C(C)[CH]C)CC,1
900,C[CH]CC(C)C[CH][CH]CC(C)C,1
901,C[CH]CC(C)CCCC(C)[CH]CC,1
902,C[CH][CH]C(C)[CH]C(C)CC[CH][CH]CC,1
903,CC1CCC2(C)C(CCC3C4CC[CH]C4(C)CCC32)C1,1
904,CC1C2CCC(C2)C1(C)C,1
905,C[CH][CH]C1CCCCC1,1
906,CC1C2CCC(C2)C1C,1
907,CC1CC1C,1
908,N=C1NNC(=O)S1,1
909,N=C1NN=CS1,1
910,N=C1NC(=O)C2=C(NC=N2)N1,1
911,N=C1C=CNC=N1,1
912,N=C1C=CNC(=O)N1,1
913,N1=PN=PN=P1,1
914,CC1CC2(C)[CH]CCC(C)(C)C2[CH][CH]1,1
915,CC1CC2CCC1C2,1
916,CC1CCC(C(C)(C)C)CC1,1
917,C[Zr],1
918,C[V]C,1
919,C[Hg],1
920,C[CH][CH][CH][CH][CH]C,1
921,C[CH][CH][CH][CH]CCC,1
922,C[CH][CH][CH][CH]CC,1
923,CC1CCC(C(C)CCCC(C)C)C1(C)CCC1CC12CCCC(C)(C)C2C,1
924,CC1CCC(C)(C)C1(C)C,1
925,C[CH][CH][CH]CCCC,1
926,C[CH][CH][CH]CC(C)C,1
927,C[CH][CH][CH]CC,1
928,C[CH][CH][CH]C(C)C[CH][CH]C(C)[CH]C,1
929,C[CH][CH][CH]C(C)C[CH]C,1
930,CC1CCC(C)(C)C1C,1
931,C[CH][CH]CCCCCCCCCCCCCCC,1
932,C[CH][CH]CCC,1
933,CC1CCC1,1
934,CC1CCC1(C)C,1
935,CCC[Hg],1
