,smiles,frequency
0,O,4924
1,C,4025
2,C=O,4013
3,C1=CC=CC=C1,3918
4,N,3456
5,CC,2092
6,C=C,1344
7,Cl,1219
8,CCC,1115
9,[O-],744
10,O=S=O,567
11,F,547
12,S,493
13,CCCC,481
14,C=N,364
15,[N+]=O,343
16,CC(C)C,330
17,CCCCC,307
18,C1=CC=NC=C1,258
19,Br,212
20,C#N,198
21,[CH]C,189
22,O=P,152
23,C1=CC=C2C=CC=CC2=C1,148
24,[N+],141
25,O=S,141
26,CCCCCC,131
27,CCCCCCCC,109
28,C1=CC=C2NC=CC2=C1,107
29,C1=CN=CN=C1,90
30,C1=CNC=N1,89
31,CCCCCCC,89
32,[CH][CH][CH][CH][CH]C,88
33,I,81
34,[CH]CC,81
35,C[CH]C,79
36,CCC(C)C,79
37,[CH][CH],77
38,C1=CSC=C1,76
39,C1CCCCC1,76
40,C=S,72
41,C1=CSC=N1,70
42,C#C,68
43,[Si],64
44,C1=COC=C1,62
45,P=S,60
46,N=N,54
47,CCCCCCCCCCCC,52
48,[CH][CH]C,50
49,CCCCC(C)CC,50
50,[CH]CCC,49
51,C1=CNC=[N+]1,49
52,[CH]C(C)C,48
53,[CH][CH][CH][CH]C,48
54,C1=CC=C2NC=NC2=C1,46
55,[CH],46
56,CCCC(C)C,45
57,CCCCCCCCCC,44
58,C1=NC=NC=N1,42
59,N=O,40
60,[N-],39
61,C1=CC=[N+]C=C1,39
62,C1=CN=C2C=CC=CC2=C1,36
63,C1=CC=C2N=CC=CC2=C1,36
64,C1=NC=NN1,36
65,CCCCCCCCC,34
66,C1CC1,33
67,CC(C)(C)C,33
68,CCCCCCCCCCC,30
69,C[CH][CH][CH][CH]C,29
70,CCC(C)CC,28
71,C1=CC=C2SC=NC2=C1,27
72,C1=CNN=C1,27
73,C[CH]CC,26
74,C1=CON=C1,25
75,C1=NN=NN1,25
76,CCCCCCCCCCCCCCCC,24
77,CCCCCCCCCCCCCC,23
78,C1CCCC1,23
79,O=C1C=CNC(=O)N1,23
80,[CH]C[CH][CH][CH]C,23
81,O=C1C=CNC2=CC=CC=C12,23
82,[CH]CC(C)C,23
83,O=C1NC(=O)C2=C(N=CN2)N1,22
84,O=C1C=COC2=CC=CC=C12,21
85,[S-],21
86,O=C1C=CC2=CC=CC=C2O1,21
87,[B-],20
88,[CH]CCCC,20
89,C1=CC2=C(C=C1)NC=C2,20
90,C1=CNC=C1,20
91,CCCCCCCCCCCCCCC,20
92,C1=CN=CC=N1,20
93,C[CH]CCC,19
94,[Sn],18
95,CC(C)CC(C)(C)C,18
96,CCC(C)(C)C,17
97,[CH]C[CH]C,17
98,CC(C)CCCC(C)C,17
99,C1=NC=NC2=C1N=CN2,16
100,[CH]CC(C)[CH][CH]C,15
101,CCC1[CH]CC2(C)CC(C)CC2C1CC,15
102,CCCCCCCCCCCCC,15
103,[CH]1C[CH]CC[CH]C1,13
104,CCC1[CH]CCC2(C)[CH]CCC12,13
105,CCCCCCCCCCCCCCCCC,13
106,CCCCCCCCCCCCCCCCCC,13
107,CCCCCC(C)C,13
108,[CH]C[CH][CH]C,13
109,C=[N+],13
110,C[CH][CH]C,13
111,O=C1N=CC=CN1,12
112,C1=NC=C2N=CNC2=N1,12
113,CCC(C)C1CCC2(C)[CH]CCC2C1CC,12
114,[CH]1[CH][CH]C[CH][CH]1,12
115,C1=NN=CN1,12
116,CCC(C)C1[CH]CC2(C)CCCC2C1CC,12
117,C[CH][CH][CH]C,12
118,CCC1CCCCC1,11
119,[CH][CH][CH]C[CH]C,11
120,[P+],11
121,CC1CCCCC1,11
122,O=C1NC2=CC=CC=C2N1,11
123,C1=NN=CS1,11
124,O=C1C=CC=CN1,11
125,CCC(CC)CC,11
126,C1=CC=C2OC=CC2=C1,11
127,C1=CC=C2C=C3C=CC=CC3=CC2=C1,11
128,[Hg],10
129,P,10
130,C1=CC2=CN=CN=C2C=C1,10
131,CC1(C)CC1,10
132,CC1CC1,10
133,CC1(C)[CH][CH]1,10
134,O=C1C=CNN1,10
135,O=C1C=CNC2=C1C=CC=C2,9
136,C[CH],9
137,[CH]1[CH][CH][CH][CH][CH]1,9
138,C1=COC=N1,9
139,C[CH][CH]C[CH]C,9
140,CCC1[CH]CC2(C)C[CH]CC2C1CC,9
141,CC(C)C(C)C,9
142,CC[CH][CH][CH]C,9
143,O=C1NC(=O)NC(=O)N1,9
144,CC1CCCC1,8
145,C[CH][CH]C(C)[CH]CC,8
146,CCC1[CH]CC2(C)CCCC2C1CC,8
147,C[CH][CH]CC,8
148,CCCCCCC(C)C,8
149,C[CH]C(C)C,8
150,[AlH3],8
151,C1=CC=C2C(=C1)C=CC1=CC=CC=C12,8
152,O=C1NC=NC2=CC=CC=C12,7
153,[CH]C[CH][CH],7
154,[CH]CC1[CH][CH][CH]CC1C,7
155,C[CH]C[CH]C,7
156,O=C1NC=NN1,7
157,O=[As],7
158,C1=CC=C2NN=CC2=C1,7
159,CC12[CH]CC(CC1)C2(C)C,7
160,CC1CCC(C(C)C)CC1,7
161,CCC(C)CCCC(C)CCCC(C)CCCC(C)C,7
162,[CH][CH]C(C)C,7
163,C1=CC=C2C=NC=CC2=C1,7
164,C[CH]C(C)C(C)CC,7
165,[Zn+2],7
166,CCCCCCCC(C)C,7
167,CCCC(C)CC,7
168,[CH]CC1C(CC)[CH]CC2(C)CC(C)CC12,7
169,B,6
170,C[CH]C1CC[CH]C1(C)CCC,6
171,C1=CC2=NC=CN=C2C=C1,6
172,C1=CC=C2C=NN=CC2=C1,6
173,CCC(C)CCCC(C)C,6
174,CCCC(C)CCC,6
175,C[CH][CH]C(C)[CH]C(C)C[CH]C,6
176,CCC(C)C(C)C,6
177,CC(C)(C)C1CCCCC1,6
178,[CH]1CC[CH]CC1,6
179,C1=CC=C2N=C3C=CC=CC3=CC2=C1,6
180,[CH]C(C)CC,6
181,CC1[CH][CH]C[CH]1,6
182,O=C1C=CC=NN1,6
183,C1=NC=NO1,6
184,C[CH]C1[CH]C[CH]C(CC)[CH]1,5
185,[CH][CH]C([CH][CH]C)CC,5
186,C1=CN=NC=C1,5
187,CC1C[CH]C(C)(CCC(C)C2(C)[CH]C3(C)CC[CH]C(C)(C)C3CC2)CC1,5
188,O=C1NC=NC2=C1N=CN2,5
189,[Se],5
190,O=C1NC2=CC=CC=C2O1,5
191,CCCC(C)(C)C,5
192,C1=CC2=NC=CN2C=C1,5
193,CC[CH]C(C)C,5
194,O=C1C=CNC=N1,5
195,O=C1C=COC2=C1C=CC=C2,5
196,C1=CC=C2C(=C1)NC1=CC=CC=C12,5
197,C1=CC=C2N=CN=CC2=C1,5
198,[CH]C(C)[CH]C(C)[CH]C(C)[CH][CH]C,5
199,[CH]C(CC)C([CH]C)CC,5
200,CCC(C)CCC(C)C,5
201,C1CCC1,5
202,CCC1[CH]CCC2(C)CCCC12,5
203,CC12[CH][CH]CC1C1CCC3C[CH][CH]CC3(C)C1CC2,5
204,C1=CC=C2SC=CC2=C1,5
205,[CH][CH][CH][CH][CH],5
206,[CH][CH]CC([CH]C)CC,5
207,CC(C)CCC(C)C,5
208,[CH]C(C)(C)C,5
209,O=C1C=CN=CN1,5
210,CC(C)CC(C)C,5
211,C[CH]CCCCCC,5
212,CCCC1CCCCC1,5
213,C1=NN=CO1,5
214,CC1CCC(C)CC1,5
215,O=C1C=CC2=CC=CC=C2N1,5
216,C1=CC2=NNN=C2C=C1,5
217,CC[CH]C1CCC2(C)[CH]CCC2C1CC,4
218,C[CH]C(CC)CC,4
219,O=C1C=COC=C1,4
220,[Na+],4
221,[NH+],4
222,CCC(C)C1CCC2(C)CCCC2C1CC,4
223,O=C1C=CC=CC=C1,4
224,O=C1C=CSN1,4
225,CC1CCCC1C,4
226,[CH][CH][CH][CH],4
227,CC1(C)CCCCC1,4
228,O=C1C=CNC(=S)N1,4
229,O=C1C=CC2=C(C=C3OC=CC3=C2)O1,4
230,[CH]CCCCC,4
231,[CH][CH][CH][CH][CH][CH][CH]C,4
232,[CH][CH][CH]C(C)C,4
233,CCCCC(C)C,4
234,CC1(C)CCCC1,4
235,CC12[CH]CCC1C1CCC3C[CH]CCC3(C)C1C[CH]2,4
236,[CH]1[CH][CH]C[CH]C[CH]1,4
237,CCC(C)CC(C)CC,4
238,O=C1C=CC=CO1,4
239,C1=CC2=CC=C3C=CC=C4C=CC(=C1)C2=C43,4
240,[CH][CH][CH],4
241,[CH][CH][CH]C,4
242,CCC1[CH]C[CH]C(CC)[CH]1,4
243,C1CCCCCC1,4
244,CCC(CC)C(C)C,4
245,[CH][CH]CC,4
246,C1=CC=C2ON=CC2=C1,4
247,[CH]1CC[CH]CCC1,4
248,CCC1[CH]CC2(C)CCCC2C1C[CH]C,4
249,[CH]CC(C)CCC,4
250,C[CH]CCC(C)C1CCC(C)C(CC)C1C,4
251,C[CH]CC(C)C,4
252,CC(C)C1CCCC1,4
253,CC[CH]C[CH]C,4
254,C[CH][CH]C(C)CC,4
255,CC[CH]C1CCC2(CC)CCCC2C1CC,4
256,C[CH]C1CCCCC1CC,4
257,O=C1C=CNC2=C1C=CC=N2,4
258,C1=CNN=N1,3
259,CCC(C)C1[CH]C2CCCC2(C)CC1,3
260,C1=CC=C2OC=NC2=C1,3
261,[CH]C1CCCCC1,3
262,[Au],3
263,[Ba+2],3
264,[CH]CC[CH]C,3
265,[CH]C(C)[CH]C,3
266,[CH]1[CH]C1,3
267,[CH]C[CH],3
268,[CH]1[CH]CC[CH]C1,3
269,O=C1NSC2=CC=CC=C12,3
270,O=C1OC=CO1,3
271,C1=CC=C2SN=CC2=C1,3
272,O=C1NC(=O)C2=CC=CC=C2N1,3
273,C1C2CC3CC1CC(C2)C3,3
274,CC1CCCC(C)(C)C1,3
275,C1=C[N+]=C2C=CC=CC2=C1,3
276,O=C1N=CNC2=C1N=CN2,3
277,[CH]1[CH]C[CH]CC[CH]1,3
278,CCC(C)C(C)(C)C,3
279,CC1(C)CCCC(C)(C)C1,3
280,CCC(C)(C)C1CCCCC1,3
281,CCC(C)C1CCC2C3[CH]CC4C[CH]CCC4(C)C3C[CH]C12C,3
282,CCCC1C[CH][CH]CC1,3
283,CCCC1(C)[CH]CCC1C(C)CCCC(C)C,3
284,CCCC(CC)CC,3
285,O=C1C=CN=C2C=CC=CN12,3
286,C[CH]CCC[CH]C,3
287,C[CH]CCC(C)C1CCC2(C)[CH]CCC2C1C,3
288,C[CH]CC[CH]CC,3
289,[CH]C(C)CC(C)[CH][CH][CH]C,3
290,[S+],3
291,[CH]CC1[CH][CH]CCC1C,3
292,[Pt],3
293,[CH]CC(C)CC,3
294,[Cu+2],3
295,[CH][CH]CCCC,3
296,[CH]CC1C(CC)[CH]CC2(C)C[CH]CC12,3
297,C1=CC=C2NN=NC2=C1,3
298,CC[CH]C1CCC2(C)CCCC2C1CC,3
299,C1CC2C3CCC(C3)C2C1,3
300,CC[CH]C1(C)CCCC(C)C1C,3
301,C1=CC2=NC=NN2C=N1,3
302,C[CH]C(C)CCC,3
303,C1CCC(C2CCCCC2)CC1,3
304,C1CCCCCCCCCCC1,3
305,O=C1NN=CC2=CC=CC=C12,3
306,C1=NN=N[N-]1,3
307,[Fe+3],3
308,C1=CSC=[N+]1,3
309,C[CH]CC1C(C(C)CC)CCC2(C)CCCC12,3
310,C1=CC2=C(C=C1)SC=N2,3
311,[CH][CH]C[CH][CH]C,3
312,C[CH][CH]C(C)[CH]C,3
313,C[CH][CH]CC(C)C,3
314,CC(C)[CH]CCC(C)C,2
315,CC([CH])C[CH]C,2
316,C1=CN[N+]=C1,2
317,C1CCC2C3[CH][CH]C(C3)C12,2
318,C1=NNN=N1,2
319,C[CH]CCC(C)C1CCC(C)C(C)C1C,2
320,C1CCC2CC[CH]C12,2
321,CCC1[CH]CCC2(C)[CH][CH]CC12,2
322,C1=NC=NS1,2
323,C=[N-],2
324,CCC1[CH]CCC(C)C1CC,2
325,C1CCC2CCCCC2C1,2
326,C1CC2CCCC2C1,2
327,C1CCC(CC2CCCCC2)CC1,2
328,C[CH]C[CH]CC,2
329,[Ca+2],2
330,[CH]CCCC(C)[CH]CCC([CH]C)CC,2
331,[CH]CC[CH],2
332,CCC1C(C)CCCC1C,2
333,C[CH]C(C)C1[CH][CH]CCC1C,2
334,C[CH]C(C)CC1C[CH][CH]CC1,2
335,C[CH]C1CC[CH][CH]C1CC,2
336,CC([CH])CCCC,2
337,CC[CH]C,2
338,CCCCCCC(C)CC,2
339,[Sb],2
340,[NH3+],2
341,[NH2+],2
342,[O],2
343,C1=CC2=C(C=C1)C=CC=C2,2
344,[Zn],2
345,CC[CH]C1CC[CH]C1C,2
346,C[CH]C[CH][CH]C,2
347,C[CH]C[CH][CH]C([CH]C)CC[CH]C[CH]C,2
348,C1=NC=C2N=CC=NC2=N1,2
349,C1=NC=C2N=CN=CC2=N1,2
350,C1=CON=[N+]1,2
351,C1=NC=NC2=C1NC=N2,2
352,C1=CC=C2SC=[N+]C2=C1,2
353,[CH][CH][CH][CH]CC,2
354,[CH][CH]C([CH])C,2
355,[CH][CH]C1CCCCC1,2
356,C1=CN2N=CC=C2N=C1,2
357,C1=CN2N=CN=C2N=C1,2
358,C1=CC=C2[N+]=CC=CC2=C1,2
359,C1=CN=C2N=CN=CC2=N1,2
360,C1=CN=C2N=CNC2=C1,2
361,[CH][CH][CH]CC,2
362,[CH]CCC(C)[CH]CC,2
363,[SiH],2
364,CC1CCCCC1C,2
365,CC1C[CH]C1(C)C,2
366,CC1CCCC(C)C1,2
367,CC12CCC(C1)C(C)(C)C2,2
368,CC1CC[CH]CC1,2
369,CC1C[CH]C(C(C)C)CC1,2
370,O=C1NC2=CC=CC=C2S1,2
371,C[CH]CC(C)[CH]C(C)[CH]C,2
372,O=C1C=CNC2=NC=NC=C12,2
373,O=C1C=CNC=C1,2
374,O=C1C=CON1,2
375,O=C1C=NN=CN1,2
376,O=C1C=NNC(=O)N1,2
377,O=C1N=CNC(=O)N1,2
378,CC(C)CCCC(C)C1[CH]CC2C3CCC4C[CH]CCC4(C)C3CCC12C,2
379,S=C1NC2=CC=CC=C2N1,2
380,O=C1C=CNC2=NC=CC=C12,2
381,[N+]=N,2
382,[Ni],2
383,[Ti],2
384,C1=CC=C2C(=C1)NC1=C2C=CC=C1,2
385,C1=CC=C2N=CC=NC2=C1,2
386,C1=CC=C2C=C3C(=CC2=C1)C=CC1=CC=CC=C13,2
387,C1=CC=C2C=[N+]C=CC2=C1,2
388,C1=CC=C2[N-]C=NC2=C1,2
389,[Mn+2],2
390,[N-]=[N+]=N,2
391,C1=CC2=CC=C(C=CN=CC=C3C=CC(=CC=N1)N3)N2,2
392,C1=CC2=NON=C2C=C1,2
393,C1=CC2=[N+]C=C[N+]=C2C=C1,2
394,[Na],2
395,[Gd+3],2
396,[Co+],2
397,[K+],2
398,[Mg+2],2
399,C1=CC=C2[O+]=C3C=CC=CC3=CC2=C1,2
400,[CH]C([CH])C,2
401,CC12[CH]CCC1C1CCC3C[CH]CCC3(C)C1CC2,2
402,CC1CC2CC1C1CCC(C)C21,2
403,CCC(C)C1[CH]C2CCC(CC)C2(C)CC1,2
404,CCC(C)CC(C)(C)C,2
405,CCC(C)[CH]C(CC)C1CCCC1(C)C,2
406,C[CH][CH][CH]CCCCCC,2
407,C1=CC=C2[S+]=C3C=CC=CC3=NC2=C1,2
408,S=C1NC=CN1,2
409,CCC12[CH]C(C)([CH]CC(C)[CH]C1C)C(C)CC2,2
410,C=[N+]=[N-],2
411,CC(C)CC(C)[CH][CH]CC,2
412,[CH]CC([CH]C1C(C)[CH]C[CH]C1C)C(C)C,2
413,[CH]CC1C(CC)[CH]CC2(C)CCCC12,2
414,[CH]CC1C(CC)[CH]CC2(C)[CH]C(C)CC12,2
415,[CH]CC1[CH]CCCC1,2
416,[CH]1[CH][CH]C[CH]1,2
417,[CH]CC1CCCCC1C,2
418,CCC1CCCC1,2
419,[CH]1[CH]CCCC1,2
420,O=C1NN=NC2=CC=CC=C12,2
421,CC1CCC2C3CCC(C)C(C)(C)C3CCC12C,2
422,CC1CCC(C)C1(C)C,2
423,O=C1N=CN=CN1,2
424,CCC(C)(C)CC,2
425,CC1[CH]CCC2C1CCC1(C)[CH]CCC21,2
426,CCC(C)C1CCC(C)C(CC)C1CC,2
427,[CH]C(C)C1CCC(C)C(CCCC)C1[CH],2
428,CCC(C)C1CCC(C)C(C)C1CC,2
429,O=C1C2=CC=CC=C2SC2=C1C=CC=C2,2
430,O=C1C=CC1=O,2
431,CC(C)CC[CH]C[CH],2
432,CC(C)C[CH][CH][CH]CC(C)C,2
433,CC1(C)[CH]CCC1C1[CH]C2(C)CC[CH]CC2CC1,2
434,CC([CH])[CH][CH],2
435,C1CC[CH]CC1,2
436,C1C[CH][CH][CH]C1,2
437,CCC(C)C(C)CC,2
438,C1=CC2=C(N=CN=C2)N1,1
439,C1=CC2=C(C=C1)N1C=NN=C1S2,1
440,[Mn+],1
441,[N-]=[N+]=[N-],1
442,[Hg+2],1
443,[I-].[K+],1
444,[In],1
445,[Li+],1
446,[Fe+2],1
447,[Fe-2],1
448,[Fe-],1
449,[Ge],1
450,[H+],1
451,[H]C([H])([H])[CH]C,1
452,[Cl+3],1
453,[Co+2],1
454,[Na+].[Na+],1
455,[Nd],1
456,[Ni+2],1
457,C1=CN2N=CC=NC2=N1,1
458,C1=CN=C2C(=C1)C=CC1=CC=CN=C12,1
459,C1=CC=C2[N+]=C3C=CC=CC3=CC2=C1,1
460,C1=CC=C2[N+]=CC=[N+]C2=C1,1
461,[Cr+3],1
462,[Cr],1
463,[Cu],1
464,[Dy],1
465,C1=CC=C2C(=C1)C=CC1=C2C=CC=C1,1
466,C1=CC=C2C(=C1)C=CC1=C2N=C2C=CC=CN21,1
467,C1=CC=C2C(=C1)C=CC1=C3C=CC=CC3=CC=C21,1
468,C1=CC=C2C(=C1)C=CC1=CC3=C(C=CC4=CC=CC=C43)C=C12,1
469,C1=CN=C2NC=NC2=C1,1
470,C1=CN=C2NN=CC2=C1,1
471,C1=CC=NN=C1,1
472,C1=CC=[NH+]C=C1,1
473,[Cd],1
474,[CH][CH][CH]C[CH],1
475,[CH][CH][CH][CH]C(C)C,1
476,[CH][CH]C[CH],1
477,[CH][CH]C[CH]C,1
478,[CH][CH]C[CH]CCC[CH][CH][CH]C[CH],1
479,[CH][CH]CC(C)C,1
480,[CH][CH]CCC,1
481,C1=C[CH-]C=C1.C1=C[CH-]C=C1.[Cr+2],1
482,[CH]CCCC1CCC2(C)[CH]CCC2C1CC,1
483,[CH]CCC[CH],1
484,[CH][CH][CH][CH][CH]C[CH][CH],1
485,[CH][CH][CH][CH][CH][CH]C,1
486,[Ca+2].[Cl-].[Cl-],1
487,[Ca],1
488,[Cd+2],1
489,CCC[CH]C1CCC2(C)C(C)CCC2C1CC,1
490,C[CH]C1C(C(C)CC)CCC2(C)C(CC)CCC12,1
491,C[CH]C1C(C(C)CC)[CH]CC2(C)C(CC)CCC12,1
492,C[CH]C1CC1(C)C(C)C,1
493,C[CH]C(CC)CC[CH]C(CC)CC(C)[CH][CH]CC,1
494,C[CH]C([CH]CCCCCC)CCCCCCCC,1
495,C[CH]C1(C)CC1,1
496,C[CH]C1(C)CC[CH]C(C)(C)C1CC,1
497,CCP=S,1
498,CC[CH],1
499,CCCCCCCCCCCCCCCCCCC,1
500,CCCCCCCCCCCCCCCCCCCCC,1
501,CCCCCC[CH][CH]C[CH]CCCCCCCCCCC,1
502,CCCCP(CCCC)CCCC,1
503,CCCC[CH]C(C)CC(C)[CH]CCCC,1
504,CCCC[CH]C[CH]C[CH]C[CH]C[CH]C[CH]CCCCC,1
505,CC[CH]C1CCC(C)C1C,1
506,CC[CH]C1CCC2(C)C(C)CCC2C1C(C)C,1
507,CCC[CH]C1CCC2(C)C(CC)CCC2C1CC,1
508,CCC[CH]C1CCC2(C)CCCC2C1CC,1
509,CCC[CH]C[CH]C,1
510,CCC[CH][CH]C(CC)C1CCCC1(C)CC,1
511,CCC[Hg],1
512,CCP(=[Au])(CC)CC,1
513,CCCCCC1CCCCC1,1
514,CC[CH]C1CCC2(C)[CH]C(CC)CC2C1CC,1
515,CC[CH]C1CCCC1(C)C,1
516,CC[CH]C1CCCC1CC,1
517,CC[CH]CC(C)C(C)C,1
518,CC[CH]C(C)(C)C(C)[CH]C(C)C(C)CC,1
519,CC[CH]C(CC)C1CC(C)CC1(C)C,1
520,CC[CH]C(CC)C1CCCC1(C)C,1
521,CCCC(C)[CH]C(C)[CH][CH]C,1
522,CCCC(CC)C1CC(C)CC1(C)C,1
523,CCCC1(C)CCC(CC)C1C,1
524,CCC1[CH]C[CH]C1C,1
525,CCC1[CH][CH]CC(C)C1,1
526,CCC1[CH][CH]C[CH]1,1
527,CC[CH][CH]C,1
528,CC[CH][CH]C(CC)C1CCCC1(C)CC,1
529,CCCCC1C(C)CCC2C(C)(C)CCCC12C,1
530,CCCCC1CCCCC1,1
531,CCCC1(C)[CH]CCC1C(C)CC[CH]C(C)C,1
532,CCCC1CCC(C)CC1,1
533,CCCC1CCCC1,1
534,CCCCC(C)(C)CC,1
535,CCCC(C)CC(C)C,1
536,CCCC(C)CCCC(C)CCCC(C)C,1
537,CCC1C(C)CCC2C(C)(C)CCCC12C,1
538,CCC1C(C)CCCC1(C)C,1
539,CCC1CCC(C)C(CC)C1C,1
540,CCCCC(C)C(CC)CC,1
541,CCCCC(C)C1CCC2(C)C(C(C)[CH]CCC(C)C)[CH]CC2C1C,1
542,CCCCC(C)CCC,1
543,CCCCC(CC)CC,1
544,CCCCC(CC)CCCCC(C)C,1
545,C[CH]C1(CCC)CCC1,1
546,C[CH]C12CCC([CH]C1CC)C(C(C)C(C)(C)C)C2,1
547,CC[CH][CH][CH]C(C)CC,1
548,CC[Hg],1
549,CC[CH]CC(C)C(C)CC,1
550,CC[CH]CCC,1
551,CC[CH]CCCC,1
552,CCC1C(C(C)C)CCC2(C)CCCC12,1
553,CCC1CCC(CC)C1,1
554,CCC1CCC1(C)C,1
555,CCC1CCC2(C)C(C)CCC2C1CC,1
556,CCC1CCC2C3CCC4C[CH]CCC4(C)C3CCC12C,1
557,CCC1CCC2CC1C2(C)C,1
558,CCC1CCCC2(C)[CH][CH]CC12,1
559,CCC12CC3CC(CC(C3)C1)C2,1
560,CCC12CCC(C)C(C)(CCC(C)CC1C)C2,1
561,CCC(C)C1[CH]CC2(C)[CH]CCC2C1CC,1
562,CCC1[CH]CC2(C)[CH]C(C)CC2C1CC,1
563,CCC1C[CH]C1(C)C,1
564,CCC1C[CH]CCC1(C)[CH]CCC(C)C(C)C(C)CCCC(C)C,1
565,CCC1[CH]CC1(C)C,1
566,CCC1[CH]CC2(C)C(C)C(C)CC2C1CC,1
567,CCC1[CH]CC2(C)CC(C)CC2C1[CH]C,1
568,CCC1CCC(C)C(CC)C1CC,1
569,C[CH]CCC(C)(C)[CH]C[CH]C[CH]C,1
570,C[CH]CCC(C)C,1
571,C[CH]CCC(C)C(C)C(C)[CH]CCCC(C)[CH][CH]CC(C)C,1
572,C[CH]CCC(C)C1CCC2(C)C([CH]C)CCC2C1C,1
573,C[CH]CC(C)CCCC(C)[CH]CC,1
574,C[CH]CC(C)C[CH][CH]CC(C)C,1
575,CCC(C)C1[CH]CC2(C)C(C)CCC2C1CC,1
576,CCC(C)C1[CH]CC2(C)C[CH]CC2C1CC,1
577,CC[CH][CH]CC,1
578,C[CH]C[CH]CCC([CH]C)[CH][CH]CC,1
579,C[CH]C[CH]CCCCC(C)[CH]C(C)CC,1
580,C[CH]C[CH]CCCCC(C)[CH]C1CCCCC1,1
581,C[CH]C[CH]CCCCC(C)[CH]CC,1
582,C[CH]CCC(C)C1CCC2(C)[CH][CH]CC2C1C,1
583,C[CH]CCC[CH]CCCCC,1
584,C[CH]CC[CH]C,1
585,CCC1(C)C(C)CCC2C(C)C(C)CCC21,1
586,CCC1(C)C(C)CCC2C3CCC(C)C3(C)CCC21,1
587,CCC1(C)C(C)CCC2C3CC[CH]C3(C)CCC21,1
588,CCC1(CC)CCCC1,1
589,CCC(C)[CH][CH][CH]C(C)[CH]C(C)[CH]CCCCC(C)[CH]CCC(C)[CH][CH]C[CH][CH]C(C)CC(C)CC,1
590,CCC(CC)(CC)C1CCCCC1,1
591,CCC(CC)C(C)(C)C,1
592,CCC(CC)C(C)(C)CC,1
593,C[CH][CH][CH]C(C)C[CH][CH]C(C)[CH]C,1
594,C[CH][CH]C(C)C[CH]C,1
595,C[CH][CH]C(C)[CH]C(C)CC(C)C,1
596,CC1[CH]C[CH]C1,1
597,CC1[CH][CH][CH][CH]C1,1
598,CCC(CCC(C)C1(C)[CH]C2CC(C)(C)CCC2CC1)C(C)C,1
599,CCC([CH])(CC)CCC,1
600,CCC([CH]C(C)C)CC,1
601,C[CH][CH][CH]CC(C)C,1
602,C[CH][CH][CH]CCCC,1
603,C[CH][CH][CH][CH]CC,1
604,C[CH][CH][CH][CH]CCC,1
605,C[CH][CH][CH][CH][CH]C,1
606,C[CH][CH]CCC,1
607,C[CH][CH]CCCCCCCCCCCCCCC,1
608,C[CH][CH][CH]C(C)C[CH]C,1
609,C[CH]CC([CH]C(C)[CH]C)CC,1
610,C[CH]CC1C(C(C)CC)[CH]CC2(C)[CH]CCC12,1
611,C[CH]CC1CCCC1,1
612,C[Hg],1
613,C[V]C,1
614,C[Zr],1
615,N1=PN=PN=P1,1
616,C[CH][CH][CH]CC,1
617,CC1CCC1(C)C,1
618,CC1CCC2(C)C(CCC3C4CC[CH]C4(C)CCC32)C1,1
619,CC1CCC23CC1C(C)(C)C2CCC3C,1
620,CCC(C)C1CCC2(C)[CH]CCC2C1C,1
621,CCC(C)C1CCC2C3CCC4C[CH]CCC4(C)C3CCC12C,1
622,CCC(C)C1CCC2C3CCC4C[CH]CCC4(C)C3C[CH]C12C,1
623,CCC(C)C1CCC2C3[CH]CC4C[CH]CCC4(C)C3CCC12C,1
624,CCC(C)C1CC[CH]C1(C)CC[CH]C1(C)CC[CH]C(C)C1C,1
625,O=C1C2=CC=CC=C2OC2=NC=CC=C12,1
626,O=C1C2=CC=CC=C2SC2=CC=CC=C12,1
627,O=C1C=C1,1
628,O=C1C=CC(=O)NN1,1
629,N=C1C=CNC(=O)N1,1
630,N=C1C=CNC=N1,1
631,N=C1NC(=O)C2=C(NC=N2)N1,1
632,CC1CCC1,1
633,C[CH][CH]C1CCCCC1,1
634,O=C1C=CN=C2SC=CN12,1
635,O=C1C=CC2=C(C=CC=C2)N1,1
636,O=C1C=CC2=CC=CC=C2S1,1
637,O=C1C=CC2=CN=CN=C2N1,1
638,O=C1C2=CC=CC=C2C(=O)C2=C1C=CC1=C2NC2=C(N1)C1=C(C=C2)C(=O)C2=CC=CC=C2C1=O,1
639,O=C1C2=CC=CC=C2NC2=CC=CC=C12,1
640,O=C1C2=CC=CC=C2OC2=CC=CC=C12,1
641,CCC(CC)C(CC)CC,1
642,CCC(CC)C1CCCCC1,1
643,CCC(C)CC(C)C,1
644,CCC(C)CC(C)[CH][CH]CC(C)[CH]C(CC)CC[CH]C(C)CCCC[CH]C(C)[CH]C(C)[CH][CH]C,1
645,CCC(C)[CH]C,1
646,CCC(C)C1[CH]C2CC[CH]C2(C)CC1,1
647,C[CH][CH]C(C)[CH]C(C)CC(C)[CH][CH]CC,1
648,C[CH][CH]C(C)[CH]C(C)CC[CH][CH]CC,1
649,O=C1C=CNC2=CC=CN=C12,1
650,O=C1NC=NC2=CNN=C12,1
651,O=C1NC=NO1,1
652,O=C1NN=C2C3=C(C=CN12)N=CC=C3,1
653,O=C1NN=C2C=CC=CN12,1
654,O=C1NN=CO1,1
655,O=C1NC2=NC=CC=C2O1,1
656,O=C1NC=CN1,1
657,O=C1C=CSS1,1
658,O=C1C=NC2=CC=CC=C2N1,1
659,O=C1C=NNC(=S)N1,1
660,O=C1C=NNC2=CC=CC=C12,1
661,O=C1C=NNC=N1,1
662,O=C1C=COC2=C1C=C1C=COC1=C2,1
663,O=C1C=COC2=CC3=C(C=C12)C(=O)C=CN3,1
664,O=C1C=COC2=CC=C3C=CC=CC3=C12,1
665,CC1[CH]C1C,1
666,CC1[CH]CC(C(C)C)CC1,1
667,N=C1NN=CS1,1
668,N=C1NNC(=O)S1,1
669,O=C1N=CC=NN1,1
670,O=C1N=CNC2=C1C=CN2,1
671,O=C1N=CNC2=NC=CN=C12,1
672,O=C1N=CNN2C=NC=C12,1
673,CCC(C)C(CC)CC,1
674,CCC(C)C1CCC([CH]C(C)C(C)(CC)C(C)C)C1C,1
675,CCC(C)C1CCC2(C)C(C)CCC2C1CC,1
676,CCC(C)C1CCC2(C)C(CC)C3CC3C2C1C1[CH]C1,1
677,CCC(C)C1CCC2(C)C3CCC4C(C)(C)[CH]CCC45CC35CCC12C,1
678,CCC(C)(C)C12[CH]C(C)(C)C(CC1)C2,1
679,CCC(C)(C)C1CCC(C(C)C)C1,1
680,CCC(C)(C)CC(C)C,1
681,CC1CCC2C(C)(C)CCCC2(C)C1C,1
682,CC1CCC2C(C)(C)[CH]CC12C,1
683,CC1CCC2CC1C2(C)C,1
684,CC1CCC2CCCC12,1
685,CC1CCCC(C)(C)C2[CH]CCC12,1
686,CC1CCC(C)(C)C1(C)C,1
687,CC1CCC(C)(C)C1C,1
688,O=C1NC(=O)C2=C(N1)NC(=O)N2,1
689,CC1CCCCCC1,1
690,CC1C[CH]CC(C)(C)C1,1
691,CC1C[CH]CC1C,1
692,CC1C[CH][CH]CC1,1
693,CC1CCCC(CC2CCCC(C)C2)C1,1
694,CC1CCCC1(C)C,1
695,CC1CCCC2(C)C1CCC1(C)C[CH][CH]CC12,1
696,CC1CCC2C(C)(C)CCC12C,1
697,O=C1NC2=CC=CC=C2NC1=O,1
698,O=C1N=NNC2=CC=CC=C12,1
699,O=C1NC(=O)C2=C(C=CC=C2)N1,1
700,O=C1NC(=O)C2=C(N1)C1=NC=CN=C1S2,1
701,CC1(CC)[CH]C(CC)C([CH]CC)CC1,1
702,CC12CC3CC(C1)CC(C)(C3)C2,1
703,CC12CCCC1C1CCC3C[CH]CCC3(C)C1CC2,1
704,CC12[CH]C(C)(C)C(CC1)C2,1
705,O=C1NC=NC2=C1C=CN2,1
706,O=C1NC=NC2=C1N=NN2,1
707,O=C1NC=NC2=C1NC=N2,1
708,O=C1NC=NC2=C1NN=C2,1
709,O=C1NC(=S)NC2=CC=CC=C12,1
710,O=C1NC2=C(C=CC=C2)NC1=O,1
711,O=C1NC2=C(N1)C(=O)NC=N2,1
712,O=C1NC2=CC=CC=C2C(=O)O1,1
713,[CH]1C[CH]CCC[CH]C1,1
714,[CH]1C[CH]C[CH]C[CH]C1,1
715,[CH]1[CH]C2CCC1C2,1
716,[Bi],1
717,[Br-].[Na+],1
718,[C-],1
719,[C-]#N.[Cu+],1
720,[C-]=C,1
721,O=C1[N-]C(=O)NC(=O)N1,1
722,O=C1[N-]C2=C(N1)C(=O)NC(=O)N2,1
723,O=C1NN=CS1,1
724,O=C1NN=NC2=CN=CN12,1
725,O=C1NN=NN1,1
726,O=C1NNC(=O)C2=CC=CC=C12,1
727,O=C1NNC2=CC=CC=C12,1
728,O=C1N[Se]C2=CC=CC=C12,1
729,O=[Cd],1
730,O=[Cr],1
731,O=[Cr]=O,1
732,O=C1OC(=O)C2=CC3=C(C=C12)C(=O)OC3=O,1
733,O=C1OC2=CC=CC3=C2C2=C(C=CC=C12)OC3=O,1
734,O=C1OC2=CC=CC=C2C2=C1C1=CC=CC=C1O2,1
735,O=C1OC2=CC=CC=C2S1,1
736,O=C1OC=NC2=CC=CC=C12,1
737,O=C1NC(=O)C2=CC=CC=C2O1,1
738,O=C1NC(=O)C2=CNN=C2N1,1
739,O=[Mo](=O)=O,1
740,O=[Zr],1
741,P#[In],1
742,S=C1C=CSS1,1
743,S=C1N=CC=CN1,1
744,O=[Bi],1
745,CC12[CH]CCC1C1CCC3C[CH]C[CH]C3(C)C1[CH]C2,1
746,CC12[CH]CCC1C1CCC3C[CH][CH]CC3(C)C1CC2,1
747,CC12[CH]C[CH]C1C1CCC3C[CH]CCC3(C)C1CC2,1
748,CC12[CH][CH]CC1C1CCC3CCCCC3(C)C1CC2,1
749,CC1(C)[CH]C[CH]1,1
750,CC1(C)[CH]C[CH]C23CC([CH]C12)C1[CH][CH]C2[CH]C1C3C2,1
751,S=C1NC=CS1,1
752,S=C1NC=NC2=C1N=CN2,1
753,CC1C(C(C)CCCC(C)C)[CH]CC1C1CCC2C[CH]CCC2(C)C1C,1
754,CC1C(C)C1(C)C,1
755,CC1C(C)C1C,1
756,CC1C(C)CCC2C1CCC1(C)[CH]CCC21,1
757,CC1C2CC(CC2C2CCCCC2)C1(C)C,1
758,CC1C2CCC(C2)C1(C)C,1
759,CC1C2CCC(C2)C1C,1
760,CC12[CH]CCC1C1CCC3CCCCC3(C)C1CC2,1
761,CC(C)CCCC(C)C1[CH][CH]C2C3CCC4C[CH][CH]CC4(C)C3CCC12C,1
762,CC(C)CCCC(C)CC(C)C,1
763,CC(C)CCCC(C)CCCC(C)CCCCC(C)CCCC(C)CCCC(C)C,1
764,CC1CC1C,1
765,CC1CC2(C)[CH]CCC(C)(C)C2[CH][CH]1,1
766,CC1CC2CCC1C2,1
767,CC1CCC(C(C)(C)C)CC1,1
768,CC1CCC(C(C)CCCC(C)C)C1(C)CCC1CC12CCCC(C)(C)C2C,1
769,[CH]1CC1,1
770,[As],1
771,[As]#[In],1
772,[Au-],1
773,[Ba],1
774,[Be+2],1
775,S=C1N=CNN1,1
776,CC(C)CCCC(C)C1CCC2C3CCC4C[CH]CCC4(C)C3CCC12C,1
777,CC([CH])[CH][CH]CC,1
778,CC([CH])[CH][CH][CH]C,1
779,CC1(C)CC(C)(C)C1,1
780,CC1(C)CC1(C)C,1
781,CC(C)C[PH](=S)CC(C)C,1
782,CC(C)[CH]C[CH][CH]CC(C)C(C)C,1
783,CC(C1[CH]C1)C1[CH]C2CCCC2(C)CC1,1
784,CC(C)CCC1CCC1,1
785,[CH]1[CH]C[CH]C[CH]1,1
786,[CH]1[CH][CH]CCC[CH]1,1
787,CC1(C)CCC(C(C)CC)[CH]C1C,1
788,CC1(C)CCCCCCC1,1
789,CC1(C)C[CH]C(CC)C(CC)C1C,1
790,CC1(C)[CH]C1,1
791,CC([CH])C[CH]CC,1
792,CC([CH])C[CH][CH],1
793,[CH]C1C(C)CCC2C(C)(C)CCCC12C,1
794,[CH]C(C)CC(C)[CH]C[CH]C,1
795,[CH]C(CC)C(C)C,1
796,[CH]C(CC)C1C[CH][CH]C2[CH]C1[CH]C2,1
797,[CH]C(CC)CC,1
798,[CH]C(C)(CC)CCC,1
799,[CH]C(C)C(CC)CC,1
800,[CH]C(C)C1CC2CCCCC2(C)[CH]1,1
801,S=C1NC=NC2=C1NC=N2,1
802,[Ag+],1
803,[CH]C(CC)CCC,1
804,[CH]C([CH]C)CC,1
805,[CH]C([CH]C)CCCC,1
806,[CH]C12CC3CC(CC(C3)C1)C2,1
807,[CH]C1C(C([CH])C)CCC(C)C1CCCC,1
808,[CH]C1C(C)C(C(C)([CH]C)C(C)C(C)C)CCC1([CH])C,1
809,CC(C)C(C)C(C)C,1
810,CC(C)C1CCC(C)C1C,1
811,CC(C)C1CCCCC1,1
812,CC(C)C1CC[CH]CC1,1
813,CC(C)(C1CCCCC1)C1CCCCC1,1
814,C1CCCCCCC1,1
815,C1CCC2C(C1)CCC1CCCCC12,1
816,C1CCC2[CH]C[CH]C12,1
817,C1=NC=[N+]N1,1
818,C1=NN=CN=N1,1
819,CC(C)C1C[CH]CC1,1
820,CC(C)C1[CH]CCC2(C)CCCC12,1
821,CC(C)C1[CH][CH]C2(C)C[CH]CC2[CH]1,1
822,CC(C)CC(C)C(C)C,1
823,CC(C)CC(C)CC(C)CC(C)C,1
824,CC(C)C(C)(C)C,1
825,[CH]CC(C)C[CH]C,1
826,[CH]CC(CC)C(C)(C)C,1
827,[CH]CC(C[CH])C(C)CC,1
828,[CH]CC([CH])(C)C,1
829,[CH]CC([CH])CC,1
830,[CH]C1C([CH]C)CCC(C)C1CCCC,1
831,[CH]C1CC1,1
832,[CH]C1CCC2C3CC[CH]C3(C)CCC2C1(C)C,1
833,[CH]1[CH][CH]CC[CH]1,1
834,[CH]CC1[CH]C1,1
835,[CH]CC1[CH]CCC1,1
836,[CH]CCC(C)C1CCC2(C)[CH]CCC2C1CC,1
837,[CH]CC1(C)CCCC1[CH]CC,1
838,[CH]CC1(C)[CH]C[CH]C2C3(C)CC[CH]C(C)C3CCC21C,1
839,[CH]CC1C(C(C)CC)[CH]CC2(C)C[CH]CC12,1
840,[CH]CC1CCCC1,1
841,C1=C[CH-]C=C1.C1=C[CH-]C=C1.[Fe+2],1
842,C1=C[CH-]C=C1.C1=C[CH-]C=C1.[Ni+2],1
843,C1=C[N+]=CC=N1,1
844,C1=C[N+]=CN=C1,1
845,C1=NC=C2C=NNC2=N1,1
846,C1=CSN=C1,1
847,C1=CSN=N1,1
848,C1=C[CH-]C=C1.C1=C[CH-]C=C1.[Co+2],1
849,[CH]CC[CH]CCCC,1
850,[CH]CC[CH][CH]C,1
851,[CH]CC[CH][CH]CCC[CH][CH]CC[CH]C[CH]C[CH]C,1
852,[CH]C[CH]C([CH])CC,1
853,[CH]CCC(C)[CH][CH]C,1
854,C1=NC=C2NC=NC2=N1,1
855,C1=NC=NC2=C1C=NN2,1
856,C1=NC=NN=C1,1
857,[CH]CC(C)C1CCCCC1,1
858,[CH][CH]C(C)[CH]C,1
859,[CH][CH]C(C)[CH][CH]C,1
860,[CH]C[CH]CC,1
861,[CH]C[CH]CCC,1
862,[CH]C[CH][CH]C([CH]C)CC[CH]C[CH]C,1
863,[CH]C[CH][CH][CH]CCC[CH]C[CH][CH]CC[CH]C[CH]C,1
864,[CH]CC[CH]C1CCC2(C)CCCC2C1CC,1
865,C1CC1CC1CC1,1
866,C1CCC(CC2CCCC2)C1,1
867,C1=NNC=N1,1
868,C1=NON=C1,1
869,C1=NSN=C1,1
870,C1=N[N-]C=N1,1
871,C1C2C3C4CC5C3C1C5C24,1
872,C1=NC=N[N-]1,1
873,[PbH2+2],1
874,[Pd],1
875,[NH4+],1
876,C1=CC2=C(C=C1)SN=N2,1
877,C1=CC2=C(C=CS2)C=N1,1
878,C1=CC2=C(C=N1)NC=C2,1
879,C1=CC2=C(N=C1)NN=C2,1
880,C1=CC2=NN=CN2C=C1,1
881,[Sr+2],1
882,[Ti+2],1
883,[TlH2+],1
884,[Yb],1
885,C1=CC2=C(C=C1)NN=C2,1
886,[SbH6+3],1
887,[SnH2+2],1
888,[O+],1
889,C1=CC=C2C(=C1)OC1=C2C=CC=C1,1
890,C1=CC=C2C(=C1)C1=CC=CC3=CC=C4C=CC=C2C4=C31,1
891,C1=CC=C2C(=C1)C=C1C=CC3=CC=CC4=CC=C2C1=C34,1
892,C1=CC=C2C(=C1)C=CC1=C2C=C2C=CC=CC2=C1,1
893,[CH][CH]CC[CH],1
894,[CH][CH]CC[CH]C,1
895,[CH][CH]CC[CH]CC,1
896,[CH][CH]CC[CH][CH]C,1
897,C1=CC=C2C(=C1)OC1=CC=CC=C12,1
898,C1=CC=C2C(=C1)SC1=CC=CC=C12,1
899,C1=CC=C2C=C3C4=CC=CC=C4C4=CC=CC=C4C3=CC2=C1,1
900,C1=CC=C2C(=C1)C=CC1=NC=CC=C12,1
901,C1=CC=C2C(=C1)C=[N+]C1=C3C=CC=CC3=CC=C21,1
902,C1=CC=C2C(=C1)C=[N+]C1=CC=CC=C12,1
903,C1=CC=C2C(=C1)NC1=C3NC4=CC=CC=C4C3=CC=C21,1
904,C1=CC=C2C(=C1)NC1=CN=CC=C12,1
905,CCCCCCC(C)(C)C,1
906,CCCCCCC(C)CCCC,1
907,CCCCCCC(C1CCCCC1)C1CCCCC1,1
908,CCCCCC(C)(C)C,1
909,CCCCCC(C)(C)CC,1
910,CCCCCC(C)CC,1
911,CCCCCC(C)CCC,1
912,CCCCCC(C)CCCC(C)CCCC(C)C,1
913,CCCC(C)(C)C(C)CC(C)C(C)CC,1
914,CCCCCCCCCCCCC1CCCC1,1
915,CCCCCCCCCCCCCC(C)C,1
916,CCCCCCCCCCCCCCC(C)C,1
917,CCCCCCCC(CC)CCC,1
918,CCCCCCCCC(C)CCCCCC,1
919,CCCCCCCCCC(C)C1[CH]CCC2(C)[CH]CCC12,1
920,CCCCCCCCCCC(C)CCCCCCCC,1
921,C1=CC2=C3N=CNC3=CC=C2N=C1,1
922,C1=CC2=CC=C(C=CN=CC=C3C=CC(=CC=N1)[N-]3)[N-]2,1
923,C1=CC2=CC=C3C4=C(C=CC=C4)C=C4C=CC(=C1)C2=C43,1
924,C1=CC2=CC=C3C=CC4=CC=C5C=CC=C6C(=C1)C2=C3C4=C56,1
925,C1=CC2=CC=C3C=CC=CC3=C2C=C1,1
926,C1=CC2=CC=NC=C2C=C1,1
927,C1=CC2=C(C=C1)NN=N2,1
928,C1=CC2=C(C=C1)OC=C2,1
929,C1=CC2=NSN=C2C=C1,1
930,C1=CC2=[N+]C=CN2N=C1,1
931,C1=CC2=CC=NC=C2O1,1
932,C1=CC2=CC=NN2C=C1,1
933,C1=CC2=CC=[N+]C=C2C=C1,1
934,C1=CC2=CN=NC=C2C=C1,1
935,C1=CC2=CNN=C2C=C1,1
936,C1=CC2=NC=C3N=CNC3=C2C=C1,1
